0;0;0;0;land;false;unknown;0
1;148;138;221;land;false;desert;1
2;235;162;237;land;true;plains;1
3;193;240;168;land;false;plains;1
4;194;194;143;land;false;plains;1
5;243;172;183;land;false;plains;1
6;118;196;207;land;false;desert;1
7;187;201;189;land;false;desert;1
8;180;105;231;land;false;desert;1
9;101;157;245;land;false;desert;1
10;230;171;172;land;false;plains;1
11;74;205;249;land;false;plains;1
12;129;189;232;land;false;plains;1
13;253;130;250;land;false;desert;1
14;234;194;226;land;false;plains;1
15;172;238;149;land;false;plains;1
16;223;91;235;land;false;desert;1
17;228;244;88;land;false;desert;1
18;217;243;169;land;false;plains;1
19;239;197;241;land;false;desert;1
20;219;250;187;land;false;desert;1
21;250;115;137;land;false;desert;1
22;178;167;181;land;false;desert;1
23;250;108;250;land;false;desert;1
24;234;237;235;land;false;mountain;1
25;114;252;178;land;false;desert;1
26;234;222;127;land;false;desert;1
27;242;120;203;land;false;desert;1
28;184;197;128;land;false;desert;1
29;115;179;236;land;false;plains;1
30;78;207;228;land;false;mountain;1
31;122;159;252;land;false;forest;1
32;224;207;236;land;false;plains;1
33;175;167;177;land;false;plains;1
34;213;230;123;land;false;plains;1
35;178;187;214;land;false;desert;1
36;227;182;169;land;false;plains;1
37;126;187;209;land;true;plains;1
38;199;150;218;land;false;desert;1
39;140;145;246;land;false;plains;1
40;232;209;87;land;false;desert;1
41;32;246;240;land;false;desert;1
42;248;182;87;land;false;desert;1
43;193;182;152;land;false;desert;1
44;242;213;76;land;false;desert;1
45;219;109;227;land;true;plains;1
46;225;177;102;land;false;plains;1
47;216;143;213;land;false;desert;1
48;196;227;118;land;false;plains;1
49;175;141;242;land;false;forest;1
50;151;209;210;land;false;plains;1
51;244;191;241;land;false;desert;1
52;146;163;254;land;false;plains;1
53;138;206;228;land;false;mountain;1
54;246;188;254;land;false;desert;1
55;232;226;186;land;false;plains;1
56;143;216;189;land;false;desert;1
57;86;185;236;land;false;desert;1
58;151;210;196;land;false;desert;1
59;248;133;163;land;false;plains;1
60;155;153;238;land;false;desert;1
61;245;182;122;land;false;desert;1
62;227;112;187;land;false;plains;1
63;135;246;144;land;false;desert;1
64;196;159;241;land;false;desert;1
65;202;150;156;land;false;desert;1
66;180;195;247;land;false;desert;1
67;189;245;95;land;false;plains;1
68;223;227;225;land;false;plains;1
69;142;243;225;land;false;desert;1
70;92;201;215;land;false;desert;1
71;238;126;209;land;true;plains;1
72;106;226;209;land;false;plains;1
73;78;191;247;land;false;desert;1
74;203;192;127;land;false;plains;1
75;232;238;110;land;false;plains;1
76;251;241;194;land;false;desert;1
77;190;146;205;land;false;desert;1
78;239;55;223;land;false;desert;1
79;151;132;220;land;true;plains;1
80;179;159;202;land;false;desert;1
81;170;214;221;land;false;plains;1
82;180;148;247;land;false;desert;1
83;100;204;221;land;false;plains;1
84;253;46;239;land;false;plains;1
85;249;167;87;land;false;plains;1
86;212;212;223;land;false;desert;1
87;253;152;218;land;false;desert;1
88;42;251;251;land;false;desert;1
89;201;220;231;land;false;desert;1
90;129;131;244;land;false;plains;1
91;247;230;179;land;false;desert;1
92;202;206;178;land;true;plains;1
93;99;207;199;land;false;mountain;1
94;245;198;130;land;false;plains;1
95;241;142;180;land;false;desert;1
96;236;218;247;land;false;desert;1
97;169;195;165;land;false;plains;1
98;187;250;142;land;false;plains;1
99;109;221;172;land;false;desert;1
100;210;146;186;land;false;desert;1
101;251;99;248;land;false;desert;1
102;254;205;218;land;false;plains;1
103;215;201;131;land;false;desert;1
104;228;171;145;land;false;plains;1
105;130;222;194;land;false;plains;1
106;221;207;150;land;false;desert;1
107;179;249;220;land;false;desert;1
108;219;54;244;land;false;desert;1
109;144;213;167;land;false;plains;1
110;144;142;221;land;false;desert;1
111;244;229;99;land;false;plains;1
112;252;166;83;land;false;plains;1
113;191;174;152;land;false;plains;1
114;182;201;240;land;false;desert;1
115;55;230;234;land;false;plains;1
116;250;100;196;land;false;plains;1
117;249;120;146;land;false;plains;1
118;225;251;53;land;false;plains;1
119;138;190;237;land;false;plains;1
120;139;243;119;land;false;desert;1
121;236;232;97;land;false;desert;1
122;226;113;174;land;false;desert;1
123;212;154;151;land;false;desert;1
124;215;176;157;land;false;plains;1
125;239;235;201;land;false;plains;1
126;154;191;189;land;false;mountain;1
127;249;233;145;land;false;desert;1
128;199;183;176;land;false;desert;1
129;224;233;103;land;false;plains;1
130;231;106;207;land;false;desert;1
131;193;184;214;land;false;plains;1
132;221;129;186;land;false;plains;1
133;156;236;124;land;false;desert;1
134;223;175;147;land;false;forest;1
135;238;72;249;land;false;plains;1
136;196;207;216;land;false;desert;1
137;164;252;102;land;false;desert;1
138;216;185;222;land;false;mountain;1
139;233;218;130;land;false;desert;1
140;227;153;168;land;false;desert;1
141;221;214;154;land;false;desert;1
142;243;177;95;land;false;plains;1
143;133;232;233;land;false;plains;1
144;131;191;215;land;false;mountain;1
145;17;251;241;land;false;desert;1
146;208;149;198;land;false;desert;1
147;228;234;232;land;false;desert;1
148;35;237;253;land;false;desert;1
149;161;149;206;land;false;desert;1
150;233;184;120;land;false;plains;1
151;91;194;228;land;false;desert;1
152;154;202;178;land;false;desert;1
153;126;254;121;land;false;desert;1
154;248;126;148;land;false;desert;1
155;254;197;209;land;false;desert;1
156;120;250;188;land;false;plains;1
157;218;195;126;land;false;plains;1
158;248;172;216;land;false;desert;1
159;233;196;182;land;false;plains;1
160;215;185;125;land;false;desert;1
161;241;222;126;land;false;desert;1
162;180;234;179;land;false;plains;1
163;96;229;185;land;false;mountain;1
164;161;241;213;land;false;plains;1
165;247;36;225;land;false;plains;1
166;169;214;251;land;false;desert;1
167;181;227;126;land;false;desert;1
168;251;224;227;land;false;mountain;1
169;198;93;229;land;false;desert;1
170;247;173;225;land;false;plains;1
171;254;155;175;land;false;plains;1
172;229;180;135;land;false;desert;1
173;184;192;131;land;false;desert;1
174;218;108;222;land;false;desert;1
175;250;83;199;land;false;desert;1
176;197;246;192;land;false;desert;1
177;179;120;234;land;false;plains;1
178;104;181;248;land;false;plains;1
179;97;225;181;land;false;desert;1
180;147;177;245;land;true;plains;1
181;227;234;138;land;false;plains;1
182;58;253;204;land;false;plains;1
183;161;253;243;land;false;desert;1
184;220;116;223;land;false;desert;1
185;202;218;114;land;false;plains;1
186;233;106;162;land;false;plains;1
187;221;239;198;land;false;desert;1
188;123;221;185;land;false;desert;1
189;57;231;214;land;false;desert;1
190;82;170;253;land;false;desert;1
191;248;193;100;land;false;desert;1
192;208;184;122;land;false;desert;1
193;226;197;175;land;false;plains;1
194;227;209;171;land;false;desert;1
195;213;150;218;land;false;plains;1
196;154;234;190;land;false;desert;1
197;236;181;214;land;false;plains;1
198;249;198;182;land;false;desert;1
199;219;165;195;land;false;plains;1
200;192;198;158;land;false;plains;1
201;185;252;233;land;false;plains;1
202;251;237;129;land;false;desert;1
203;146;254;137;land;false;desert;1
204;108;195;246;land;false;plains;1
205;183;142;222;land;false;desert;1
206;251;78;249;land;false;plains;1
207;65;224;219;land;false;desert;1
208;147;169;193;land;false;mountain;1
209;250;178;242;land;false;desert;1
210;236;99;222;land;false;mountain;1
211;197;127;250;land;false;mountain;1
212;213;184;108;land;false;plains;1
213;219;86;230;land;false;desert;1
214;214;177;147;land;false;desert;1
215;102;254;216;land;false;desert;1
216;214;151;216;land;false;desert;1
217;80;230;243;land;false;desert;1
218;175;159;239;land;false;desert;1
219;219;205;117;land;false;plains;1
220;34;237;254;land;false;desert;1
221;235;148;179;land;false;plains;1
222;115;219;212;land;false;plains;1
223;131;191;224;land;false;plains;1
224;89;254;191;land;false;plains;1
225;253;169;110;land;false;plains;1
226;213;214;102;land;true;plains;1
227;145;207;171;land;false;plains;1
228;220;225;230;land;false;plains;1
229;190;244;224;land;false;plains;1
230;241;179;215;land;false;desert;1
231;216;228;61;land;false;plains;1
232;219;176;160;land;false;plains;1
233;222;169;169;land;false;plains;1
234;165;242;108;land;false;plains;1
235;206;191;127;land;false;desert;1
236;230;71;222;land;false;plains;1
237;99;231;179;land;false;desert;1
238;249;146;179;land;false;plains;1
239;201;199;157;land;false;plains;1
240;240;203;244;land;false;desert;1
241;128;249;250;land;false;desert;1
242;200;247;228;land;false;desert;1
243;192;248;95;land;false;desert;1
244;234;146;219;land;false;plains;1
245;175;151;232;land;false;plains;1
246;242;122;143;land;false;desert;1
247;247;212;171;land;false;plains;1
248;149;125;253;land;false;plains;1
249;96;196;223;land;false;desert;1
250;138;197;198;land;false;forest;1
251;216;198;143;land;false;desert;1
252;219;139;226;land;false;plains;1
253;237;119;209;land;false;desert;1
254;241;205;84;land;false;plains;1
255;241;253;88;land;false;plains;1
256;249;31;237;land;false;desert;1
257;247;93;239;land;false;desert;1
258;199;178;172;land;false;plains;1
259;184;250;126;land;false;desert;1
260;230;188;113;land;false;desert;1
261;224;163;139;land;false;desert;1
262;203;179;202;land;false;desert;1
263;207;119;248;land;false;desert;1
264;191;133;191;land;false;plains;1
265;157;204;152;land;false;desert;1
266;24;232;252;land;false;plains;1
267;210;180;150;land;false;mountain;1
268;233;176;186;land;false;desert;1
269;201;178;232;land;false;plains;1
270;236;251;165;land;false;plains;1
271;210;192;206;land;false;plains;1
272;221;212;217;land;false;plains;1
273;133;123;251;land;false;plains;1
274;239;211;167;land;false;desert;1
275;204;177;179;land;false;plains;1
276;204;186;215;land;false;plains;1
277;154;113;250;land;false;desert;1
278;162;249;133;land;false;plains;1
279;147;127;234;land;false;desert;1
280;142;243;116;land;false;desert;1
281;230;78;237;land;false;plains;1
282;224;174;150;land;false;desert;1
283;230;75;236;land;false;plains;1
284;192;132;180;land;false;desert;1
285;217;178;130;land;false;mountain;1
286;138;242;159;land;false;plains;1
287;188;239;200;land;false;plains;1
288;197;168;217;land;false;plains;1
289;230;36;252;land;true;plains;1
290;250;194;83;land;false;plains;1
291;84;249;239;land;false;plains;1
292;203;253;236;land;false;plains;1
293;242;184;201;land;false;plains;1
294;175;153;251;land;false;forest;1
295;200;161;200;land;false;plains;1
296;234;231;188;land;false;desert;1
297;64;235;242;land;false;plains;1
298;242;207;167;land;false;desert;1
299;236;196;94;land;false;desert;1
300;215;248;244;land;false;plains;1
301;123;227;212;land;false;desert;1
302;241;102;171;land;false;desert;1
303;201;88;217;land;false;plains;1
304;222;218;69;land;false;plains;1
305;161;150;218;land;false;desert;1
306;250;135;126;land;false;plains;1
307;220;116;233;land;true;plains;1
308;223;252;66;land;false;plains;1
309;237;219;241;land;false;plains;1
310;204;88;249;land;false;plains;1
311;182;124;207;land;false;plains;1
312;250;149;122;land;false;desert;1
313;151;244;194;land;false;desert;1
314;193;180;186;land;false;plains;1
315;199;226;195;land;false;desert;1
316;244;172;163;land;false;plains;1
317;126;221;190;land;false;desert;1
318;209;249;191;land;false;desert;1
319;237;215;232;land;false;desert;1
320;250;246;174;land;false;plains;1
321;193;221;147;land;false;desert;1
322;215;217;189;land;false;desert;1
323;222;81;235;land;false;desert;1
324;186;71;252;land;false;plains;1
325;198;237;204;land;false;plains;1
326;192;119;242;land;false;plains;1
327;234;178;111;land;false;mountain;1
328;169;189;195;land;false;desert;1
329;240;240;37;land;false;desert;1
330;226;177;173;land;false;plains;1
331;157;240;105;land;false;plains;1
332;246;227;128;land;false;plains;1
333;148;180;209;land;false;plains;1
334;220;156;188;land;false;desert;1
335;248;222;210;land;false;plains;1
336;100;237;198;land;false;plains;1
337;154;202;217;land;false;desert;1
338;208;218;183;land;false;desert;1
339;160;235;184;land;false;plains;1
340;178;242;99;land;false;plains;1
341;247;180;203;land;false;desert;1
342;119;140;245;land;false;plains;1
343;143;247;187;land;false;plains;1
344;233;247;218;land;false;plains;1
345;250;194;93;land;false;plains;1
346;241;57;210;land;true;plains;1
347;184;131;199;land;false;plains;1
348;243;87;199;land;false;plains;1
349;200;166;254;land;false;plains;1
350;140;120;254;land;false;desert;1
351;236;150;204;land;false;desert;1
352;166;131;220;land;false;plains;1
353;105;208;237;land;true;plains;1
354;159;253;191;land;false;desert;1
355;153;243;224;land;false;mountain;1
356;114;235;180;land;false;plains;1
357;201;199;192;land;false;plains;1
358;175;218;164;land;false;desert;1
359;217;133;166;land;false;plains;1
360;146;220;182;land;false;plains;1
361;233;227;234;land;false;plains;1
362;210;198;242;land;true;plains;1
363;147;218;190;land;false;plains;1
364;122;226;193;land;false;mountain;1
365;129;215;175;land;false;plains;1
366;249;237;187;land;false;desert;1
367;247;64;191;land;false;desert;1
368;135;150;232;land;false;plains;1
369;239;213;179;land;false;desert;1
370;236;175;133;land;false;plains;1
371;107;208;215;land;false;plains;1
372;244;160;106;land;false;plains;1
373;234;158;182;land;false;desert;1
374;92;249;177;land;false;desert;1
375;240;197;217;land;false;desert;1
376;194;162;207;land;false;desert;1
377;199;175;172;land;false;plains;1
378;233;222;127;land;false;plains;1
379;99;212;243;land;false;plains;1
380;136;221;227;land;false;plains;1
381;242;243;68;land;false;plains;1
382;217;85;223;land;true;plains;1
383;247;210;65;land;false;desert;1
384;224;231;94;land;false;desert;1
385;232;225;118;land;false;plains;1
386;118;230;230;land;false;plains;1
387;227;39;237;land;false;plains;1
388;186;171;217;land;false;plains;1
389;154;149;205;land;false;desert;1
390;198;227;161;land;false;desert;1
391;201;130;204;land;false;plains;1
392;195;201;127;land;false;desert;1
393;220;85;209;land;false;desert;1
394;118;213;240;land;true;plains;1
395;174;160;212;land;false;desert;1
396;67;243;240;land;false;desert;1
397;244;169;243;land;false;plains;1
398;143;188;173;land;false;desert;1
399;87;221;224;land;false;plains;1
400;169;253;203;land;false;plains;1
401;181;205;156;land;false;desert;1
402;119;221;237;land;false;plains;1
403;190;172;203;land;false;desert;1
404;176;133;234;land;false;desert;1
405;219;179;189;land;false;forest;1
406;159;99;253;land;false;plains;1
407;189;73;241;land;false;desert;1
408;208;165;198;land;false;plains;1
409;222;143;243;land;false;desert;1
410;217;67;233;land;false;desert;1
411;245;183;117;land;false;desert;1
412;187;100;219;land;false;mountain;1
413;212;181;188;land;false;plains;1
414;125;182;244;land;false;plains;1
415;211;216;104;land;false;plains;1
416;94;218;244;land;false;desert;1
417;232;223;218;land;false;plains;1
418;213;172;126;land;false;mountain;1
419;250;146;123;land;false;plains;1
420;237;199;160;land;false;desert;1
421;176;244;214;land;false;plains;1
422;150;192;220;land;false;plains;1
423;246;135;160;land;false;plains;1
424;84;229;239;land;false;desert;1
425;11;253;244;land;false;desert;1
426;254;51;226;land;false;desert;1
427;249;85;235;land;false;plains;1
428;170;186;237;land;false;desert;1
429;209;163;251;land;false;forest;1
430;179;205;217;land;false;plains;1
431;243;203;222;land;false;plains;1
432;164;252;139;land;false;plains;1
433;244;217;40;land;false;plains;1
434;221;214;170;land;false;desert;1
435;196;230;170;land;false;plains;1
436;197;182;208;land;false;plains;1
437;251;84;173;land;false;plains;1
438;92;210;240;land;false;desert;1
439;108;150;248;land;false;plains;1
440;200;248;133;land;false;plains;1
441;184;181;254;land;false;plains;1
442;222;177;241;land;false;plains;1
443;229;150;171;land;false;plains;1
444;214;143;156;land;false;desert;1
445;236;237;84;land;false;plains;1
446;242;254;205;land;false;desert;1
447;98;244;238;land;true;plains;1
448;218;211;170;land;false;plains;1
449;199;207;157;land;false;plains;1
450;242;62;207;land;true;plains;1
451;241;156;186;land;false;mountain;1
452;180;175;194;land;false;desert;1
453;226;162;154;land;false;plains;1
454;192;132;231;land;false;desert;1
455;251;141;178;land;false;plains;1
456;203;166;222;land;false;plains;1
457;172;193;167;land;true;plains;1
458;235;243;184;land;false;mountain;1
459;222;145;236;land;false;desert;1
460;196;151;245;land;false;plains;1
461;182;217;159;land;false;forest;1
462;209;165;225;land;false;plains;1
463;203;222;192;land;false;plains;1
464;49;240;244;land;false;plains;1
465;229;172;224;land;false;plains;1
466;210;180;141;land;false;plains;1
467;239;91;233;land;false;desert;1
468;251;244;71;land;false;desert;1
469;199;175;180;land;false;plains;1
470;241;127;178;land;false;plains;1
471;243;154;166;land;false;desert;1
472;219;195;134;land;false;plains;1
473;118;164;244;land;false;plains;1
474;232;222;82;land;false;plains;1
475;206;231;223;land;false;desert;1
476;250;246;133;land;true;plains;1
477;175;180;186;land;false;plains;1
478;148;191;168;land;false;plains;1
479;219;118;243;land;false;desert;1
480;192;170;181;land;false;plains;1
481;186;234;155;land;false;plains;1
482;247;61;233;land;false;desert;1
483;243;52;236;land;false;plains;1
484;249;115;140;land;false;plains;1
485;147;234;202;land;false;plains;1
486;199;88;223;land;false;plains;1
487;119;233;249;land;false;plains;1
488;180;215;214;land;false;plains;1
489;219;197;179;land;false;desert;1
490;138;219;165;land;false;desert;1
491;182;111;209;land;false;plains;1
492;191;206;133;land;false;desert;1
493;91;252;242;land;false;plains;1
494;203;127;214;land;false;plains;1
495;146;231;196;land;false;plains;1
496;252;41;227;land;false;plains;1
497;250;237;68;land;false;desert;1
498;159;113;239;land;false;desert;1
499;99;244;210;land;false;desert;1
500;108;242;198;land;false;plains;1
501;224;216;228;land;false;plains;1
502;98;210;248;land;false;desert;1
503;130;201;220;land;false;desert;1
504;192;194;140;land;false;plains;1
505;248;193;129;land;false;plains;1
506;206;137;179;land;false;desert;1
507;177;249;86;land;false;plains;1
508;165;141;226;land;false;plains;1
509;210;134;168;land;false;desert;1
510;249;109;158;land;false;desert;1
511;147;164;238;land;false;plains;1
512;249;195;138;land;false;plains;1
513;189;236;159;land;false;plains;1
514;78;227;207;land;false;plains;1
515;169;109;245;land;true;plains;1
516;206;246;219;land;false;plains;1
517;182;246;205;land;false;plains;1
518;233;236;78;land;false;plains;1
519;247;166;129;land;false;plains;1
520;207;249;128;land;false;plains;1
521;250;145;240;land;false;desert;1
522;158;215;214;land;false;mountain;1
523;250;230;162;land;false;plains;1
524;145;157;244;land;false;plains;1
525;225;193;192;land;false;plains;1
526;206;189;225;land;false;desert;1
527;156;177;208;land;false;mountain;1
528;150;166;208;land;false;desert;1
529;226;172;118;land;false;plains;1
530;239;74;246;land;false;desert;1
531;99;241;173;land;false;plains;1
532;148;210;202;land;false;desert;1
533;111;246;153;land;false;desert;1
534;124;229;201;land;false;desert;1
535;253;142;243;land;false;desert;1
536;229;226;251;land;false;desert;1
537;248;245;101;land;false;plains;1
538;240;201;181;land;false;desert;1
539;162;205;235;land;false;plains;1
540;245;251;137;land;false;plains;1
541;237;242;207;land;false;desert;1
542;176;186;228;land;false;plains;1
543;143;106;253;land;false;desert;1
544;238;69;237;land;false;plains;1
545;238;250;84;land;false;plains;1
546;229;244;134;land;false;plains;1
547;135;206;250;land;false;plains;1
548;155;170;183;land;false;desert;1
549;172;201;244;land;false;plains;1
550;161;243;170;land;false;mountain;1
551;174;215;207;land;false;plains;1
552;244;195;204;land;false;plains;1
553;252;163;116;land;false;desert;1
554;158;189;174;land;false;desert;1
555;137;174;194;land;false;plains;1
556;102;194;224;land;false;plains;1
557;91;254;232;land;false;plains;1
558;241;127;184;land;false;plains;1
559;235;66;248;land;false;plains;1
560;208;161;238;land;false;desert;1
561;242;56;246;land;false;plains;1
562;151;199;250;land;false;mountain;1
563;233;145;133;land;false;forest;1
564;178;160;227;land;false;plains;1
565;215;84;249;land;false;plains;1
566;211;136;230;land;false;plains;1
567;253;159;120;land;false;mountain;1
568;234;148;170;land;false;plains;1
569;98;195;252;land;false;plains;1
570;130;218;248;land;false;desert;1
571;165;253;111;land;false;plains;1
572;220;129;186;land;false;plains;1
573;247;239;182;land;false;plains;1
574;227;244;37;land;false;plains;1
575;183;235;223;land;false;plains;1
576;232;129;254;land;false;plains;1
577;75;188;251;land;false;plains;1
578;216;214;119;land;true;plains;1
579;222;213;223;land;false;desert;1
580;65;240;239;land;false;desert;1
581;165;187;242;land;false;plains;1
582;171;210;226;land;false;plains;1
583;253;149;175;land;false;desert;1
584;243;203;172;land;false;desert;1
585;204;230;235;land;false;plains;1
586;135;188;229;land;true;plains;1
587;108;236;233;land;true;plains;1
588;89;233;185;land;false;plains;1
589;217;241;121;land;false;desert;1
590;31;241;250;land;false;plains;1
591;241;115;173;land;false;plains;1
592;231;254;242;land;false;plains;1
593;248;244;187;land;false;plains;1
594;215;173;221;land;false;desert;1
595;147;207;211;land;false;plains;1
596;253;210;242;land;false;plains;1
597;238;250;131;land;false;plains;1
598;89;167;247;land;false;plains;1
599;240;207;88;land;false;plains;1
600;178;202;201;land;false;desert;1
601;233;122;240;land;false;plains;1
602;227;148;131;land;false;plains;1
603;206;217;171;land;false;mountain;1
604;206;88;216;land;false;plains;1
605;118;229;154;land;false;plains;1
606;143;178;200;land;false;desert;1
607;202;243;168;land;false;plains;1
608;175;218;231;land;false;plains;1
609;221;176;241;land;false;plains;1
610;222;106;173;land;false;desert;1
611;198;148;174;land;false;desert;1
612;131;205;177;land;false;plains;1
613;242;100;176;land;false;desert;1
614;244;231;252;land;false;plains;1
615;235;205;148;land;false;desert;1
616;189;231;204;land;false;desert;1
617;162;246;186;land;false;plains;1
618;135;132;236;land;false;plains;1
619;240;109;231;land;false;plains;1
620;229;52;237;land;false;desert;1
621;225;76;229;land;true;plains;1
622;179;191;222;land;false;plains;1
623;140;169;192;land;true;plains;1
624;196;129;247;land;false;desert;1
625;100;231;196;land;false;plains;1
626;126;217;186;land;false;plains;1
627;72;206;226;land;false;plains;1
628;173;152;213;land;false;desert;1
629;117;161;252;land;true;plains;1
630;141;124;247;land;false;plains;1
631;240;201;252;land;false;plains;1
632;211;86;227;land;false;plains;1
633;164;132;241;land;false;desert;1
634;233;188;245;land;false;plains;1
635;254;82;181;land;false;desert;1
636;139;233;153;land;true;plains;1
637;244;206;202;land;false;plains;1
638;214;243;254;land;false;plains;1
639;201;235;133;land;true;plains;1
640;222;247;222;land;false;desert;1
641;216;87;223;land;false;plains;1
642;233;217;95;land;true;plains;1
643;159;116;248;land;false;plains;1
644;236;100;209;land;false;mountain;1
645;81;172;251;land;false;plains;1
646;192;243;169;land;false;plains;1
647;217;222;197;land;false;plains;1
648;120;206;216;land;false;plains;1
649;156;250;117;land;false;plains;1
650;3;249;253;land;false;desert;1
651;123;235;198;land;false;plains;1
652;232;176;141;land;false;mountain;1
653;233;205;200;land;false;desert;1
654;249;91;198;land;false;plains;1
655;178;218;240;land;false;plains;1
656;247;62;203;land;false;desert;1
657;219;253;129;land;false;plains;1
658;139;205;215;land;false;plains;1
659;109;248;144;land;false;plains;1
660;139;241;226;land;true;plains;1
661;61;196;245;land;false;desert;1
662;244;91;227;land;false;desert;1
663;199;172;240;land;false;plains;1
664;115;161;230;land;true;plains;1
665;250;95;233;land;false;plains;1
666;228;206;153;land;false;plains;1
667;131;191;200;land;false;plains;1
668;200;87;232;land;false;plains;1
669;142;217;197;land;false;plains;1
670;100;190;225;land;false;plains;1
671;217;114;244;land;false;plains;1
672;190;209;156;land;false;plains;1
673;211;250;89;land;false;plains;1
674;218;233;73;land;true;plains;1
675;239;240;224;land;false;plains;1
676;213;226;81;land;false;plains;1
677;235;137;209;land;false;plains;1
678;244;243;148;land;false;plains;1
679;254;152;125;land;false;plains;1
680;219;122;182;land;false;plains;1
681;53;253;232;land;false;plains;1
682;173;202;240;land;false;plains;1
683;109;240;232;land;false;plains;1
684;205;247;103;land;false;desert;1
685;198;238;148;land;false;plains;1
686;165;182;213;land;false;desert;1
687;203;213;215;land;false;plains;1
688;215;197;203;land;false;plains;1
689;184;252;216;land;false;desert;1
690;181;231;146;land;false;desert;1
691;220;161;129;land;false;plains;1
692;151;223;146;land;false;plains;1
693;106;184;243;land;false;plains;1
694;15;252;250;land;false;plains;1
695;154;195;212;land;true;hills;1
696;227;232;78;land;false;plains;1
697;147;202;158;land;false;plains;1
698;230;176;211;land;false;plains;1
699;208;95;232;land;false;plains;1
700;170;241;117;land;false;plains;1
701;243;149;158;land;true;plains;1
702;216;89;214;land;false;desert;1
703;191;103;242;land;false;desert;1
704;238;133;156;land;false;plains;1
705;153;132;250;land;false;plains;1
706;204;149;252;land;false;desert;1
707;169;236;230;land;false;desert;1
708;204;106;211;land;false;plains;1
709;238;81;220;land;false;desert;1
710;249;218;48;land;false;desert;1
711;174;200;187;land;false;mountain;1
712;212;122;198;land;false;plains;1
713;177;197;216;land;false;desert;1
714;109;174;220;land;false;plains;1
715;184;146;213;land;false;plains;1
716;199;216;239;land;false;plains;1
717;100;227;221;land;false;plains;1
718;228;130;182;land;false;plains;1
719;143;137;254;land;false;plains;1
720;197;137;186;land;false;desert;1
721;231;215;152;land;false;plains;1
722;221;237;122;land;false;plains;1
723;164;223;116;land;false;plains;1
724;165;158;213;land;false;desert;1
725;234;246;46;land;false;desert;1
726;135;149;232;land;false;plains;1
727;168;249;200;land;false;plains;1
728;197;246;251;land;false;forest;1
729;253;241;145;land;false;plains;1
730;241;65;207;land;false;desert;1
731;254;42;249;land;false;plains;1
732;189;227;228;land;false;desert;1
733;212;225;219;land;false;plains;1
734;71;238;208;land;false;plains;1
735;247;174;121;land;false;desert;1
736;200;187;249;land;false;plains;1
737;193;135;239;land;false;mountain;1
738;142;208;222;land;false;plains;1
739;228;133;162;land;false;plains;1
740;18;252;246;land;false;plains;1
741;207;205;225;land;false;desert;1
742;164;185;179;land;false;desert;1
743;136;244;143;land;false;plains;1
744;252;216;105;land;false;plains;1
745;240;241;215;land;false;plains;1
746;199;101;236;land;false;plains;1
747;149;247;212;land;false;plains;1
748;236;226;250;land;false;desert;1
749;164;231;121;land;false;plains;1
750;247;118;163;land;false;plains;1
751;204;254;116;land;false;desert;1
752;212;178;192;land;false;plains;1
753;111;207;205;land;false;plains;1
754;128;173;224;land;false;plains;1
755;184;237;226;land;false;plains;1
756;222;201;239;land;false;plains;1
757;223;231;207;land;false;desert;1
758;149;242;222;land;false;desert;1
759;232;226;130;land;false;plains;1
760;119;175;228;land;false;plains;1
761;229;107;176;land;false;desert;1
762;242;199;190;land;false;plains;1
763;131;135;250;land;false;plains;1
764;166;251;232;land;false;plains;1
765;190;219;184;land;false;plains;1
766;99;220;236;land;false;desert;1
767;253;213;96;land;false;desert;1
768;201;104;254;land;false;plains;1
769;244;88;249;land;false;plains;1
770;161;218;214;land;false;desert;1
771;226;253;49;land;false;plains;1
772;208;222;162;land;false;plains;1
773;246;235;222;land;false;plains;1
774;183;131;211;land;false;plains;1
775;228;51;250;land;false;mountain;1
776;250;166;223;land;true;plains;1
777;176;226;215;land;false;desert;1
778;182;125;229;land;false;plains;1
779;199;243;96;land;false;plains;1
780;138;188;246;land;false;plains;1
781;202;163;232;land;false;plains;1
782;231;251;220;land;false;plains;1
783;249;198;202;land;false;plains;1
784;230;204;221;land;false;plains;1
785;146;121;237;land;false;plains;1
786;157;194;243;land;false;desert;1
787;81;223;243;land;false;plains;1
788;204;130;249;land;false;desert;1
789;236;224;227;land;true;plains;1
790;160;244;252;land;false;plains;1
791;254;168;113;land;false;plains;1
792;181;226;213;land;false;desert;1
793;237;86;199;land;false;plains;1
794;221;106;247;land;false;plains;1
795;124;190;210;land;false;plains;1
796;241;157;104;land;false;plains;1
797;243;208;201;land;false;plains;1
798;241;187;96;land;false;plains;1
799;250;117;211;land;false;plains;1
800;208;210;142;land;false;plains;1
801;207;239;220;land;false;mountain;1
802;230;118;251;land;false;plains;1
803;238;197;150;land;false;desert;1
804;150;238;135;land;false;plains;1
805;176;173;219;land;false;desert;1
806;240;182;140;land;false;plains;1
807;237;182;224;land;false;plains;1
808;194;221;116;land;true;plains;1
809;231;244;136;land;false;plains;1
810;194;188;180;land;false;plains;1
811;38;243;235;land;false;plains;1
812;93;200;238;land;false;desert;1
813;228;205;232;land;false;plains;1
814;218;69;218;land;false;plains;1
815;240;30;237;land;true;plains;1
816;212;181;149;land;false;desert;1
817;157;217;136;land;false;plains;1
818;187;198;130;land;false;plains;1
819;170;195;146;land;false;plains;1
820;184;205;230;land;false;desert;1
821;250;194;169;land;false;mountain;1
822;125;197;249;land;false;plains;1
823;240;202;214;land;false;plains;1
824;184;228;233;land;false;forest;1
825;186;118;214;land;false;plains;1
826;193;213;108;land;false;plains;1
827;88;228;191;land;false;plains;1
828;222;163;130;land;true;plains;1
829;239;129;243;land;false;plains;1
830;232;244;211;land;false;desert;1
831;157;171;191;land;false;plains;1
832;219;248;155;land;false;plains;1
833;218;208;191;land;false;plains;1
834;211;240;181;land;false;plains;1
835;228;141;190;land;false;plains;1
836;233;227;111;land;false;mountain;1
837;244;17;240;land;false;plains;1
838;247;119;156;land;false;desert;1
839;180;205;176;land;false;plains;1
840;202;211;246;land;false;plains;1
841;238;213;144;land;false;mountain;1
842;178;217;167;land;false;plains;1
843;242;191;69;land;true;plains;1
844;142;233;216;land;false;plains;1
845;223;91;194;land;false;plains;1
846;219;140;144;land;true;plains;1
847;253;50;238;land;false;plains;1
848;89;222;235;land;false;plains;1
849;223;219;80;land;false;forest;1
850;232;115;180;land;false;plains;1
851;212;167;135;land;true;plains;1
852;207;145;151;land;false;mountain;1
853;201;247;254;land;false;plains;1
854;172;248;121;land;false;mountain;1
855;201;206;237;land;false;plains;1
856;205;140;241;land;false;plains;1
857;240;240;136;land;false;plains;1
858;200;191;174;land;false;plains;1
859;126;224;175;land;false;desert;1
860;217;143;173;land;false;plains;1
861;246;234;135;land;false;desert;1
862;254;157;249;land;false;plains;1
863;130;204;246;land;false;desert;1
864;184;110;238;land;false;plains;1
865;218;94;204;land;false;plains;1
866;82;220;203;land;false;desert;1
867;163;251;170;land;false;plains;1
868;247;101;155;land;false;desert;1
869;198;189;238;land;false;plains;1
870;201;251;152;land;false;desert;1
871;238;181;227;land;false;plains;1
872;222;202;188;land;false;desert;1
873;47;203;252;land;false;plains;1
874;245;27;230;land;false;plains;1
875;230;239;197;land;false;plains;1
876;220;201;104;land;false;plains;1
877;201;66;236;land;false;plains;1
878;243;238;111;land;false;plains;1
879;246;168;210;land;false;plains;1
880;155;137;253;land;false;plains;1
881;215;178;219;land;false;desert;1
882;140;150;240;land;false;plains;1
883;181;217;222;land;false;plains;1
884;118;254;135;land;false;plains;1
885;145;209;175;land;false;plains;1
886;213;251;161;land;false;desert;1
887;195;137;231;land;false;desert;1
888;206;152;197;land;false;plains;1
889;229;126;189;land;false;plains;1
890;184;249;228;land;false;plains;1
891;197;123;182;land;false;plains;1
892;113;187;226;land;false;plains;1
893;246;122;165;land;false;plains;1
894;185;169;149;land;false;plains;1
895;126;242;238;land;false;plains;1
896;204;239;213;land;false;desert;1
897;250;128;252;land;false;plains;1
898;246;192;154;land;false;plains;1
899;247;141;252;land;false;plains;1
900;173;212;171;land;false;plains;1
901;251;137;169;land;false;plains;1
902;237;103;197;land;false;plains;1
903;223;235;83;land;false;plains;1
904;222;235;227;land;false;plains;1
905;128;200;248;land;false;desert;1
906;65;238;228;land;false;plains;1
907;219;102;237;land;false;plains;1
908;194;221;218;land;false;desert;1
909;246;253;190;land;false;plains;1
910;158;197;175;land;false;plains;1
911;117;188;230;land;true;plains;1
912;167;171;225;land;false;plains;1
913;242;250;231;land;false;desert;1
914;88;208;247;land;false;plains;1
915;136;249;134;land;false;plains;1
916;243;170;140;land;false;desert;1
917;249;219;170;land;false;plains;1
918;250;120;193;land;false;desert;1
919;167;144;225;land;false;plains;1
920;201;143;229;land;false;plains;1
921;206;118;203;land;false;plains;1
922;114;215;175;land;true;plains;1
923;197;125;194;land;false;desert;1
924;183;238;98;land;false;plains;1
925;164;174;243;land;false;plains;1
926;243;182;227;land;false;plains;1
927;224;135;207;land;false;plains;1
928;105;193;249;land;false;plains;1
929;209;200;97;land;false;plains;1
930;194;232;139;land;false;plains;1
931;137;173;203;land;false;forest;1
932;243;166;240;land;false;plains;1
933;248;117;246;land;false;plains;1
934;221;227;230;land;false;plains;1
935;112;247;250;land;false;plains;1
936;199;135;251;land;false;desert;1
937;238;222;69;land;true;plains;1
938;210;209;252;land;false;desert;1
939;203;224;127;land;false;plains;1
940;118;215;215;land;false;plains;1
941;248;144;125;land;false;plains;1
942;231;90;244;land;false;plains;1
943;200;224;157;land;false;desert;1
944;227;127;198;land;false;plains;1
945;153;189;238;land;false;plains;1
946;138;193;204;land;false;plains;1
947;211;94;246;land;false;plains;1
948;152;249;228;land;false;plains;1
949;231;135;215;land;false;desert;1
950;246;108;173;land;false;plains;1
951;167;176;198;land;false;plains;1
952;166;138;209;land;false;plains;1
953;236;189;201;land;false;plains;1
954;185;208;112;land;false;plains;1
955;233;98;170;land;false;plains;1
956;98;157;246;land;false;plains;1
957;236;254;64;land;false;plains;1
958;74;228;226;land;false;plains;1
959;197;250;221;land;false;plains;1
960;148;202;185;land;false;desert;1
961;158;225;188;land;false;plains;1
962;205;104;217;land;false;desert;1
963;186;142;206;land;false;plains;1
964;249;126;215;land;false;plains;1
965;252;161;102;land;false;desert;1
966;94;254;189;land;false;desert;1
967;81;244;253;land;false;plains;1
968;212;253;110;land;false;plains;1
969;177;247;129;land;false;plains;1
970;237;182;174;land;false;plains;1
971;157;228;214;land;false;plains;1
972;130;229;192;land;false;plains;1
973;143;229;244;land;false;plains;1
974;169;253;248;land;false;plains;1
975;189;189;164;land;false;plains;1
976;220;195;120;land;false;desert;1
977;249;193;139;land;false;mountain;1
978;200;213;240;land;false;plains;1
979;202;114;251;land;false;plains;1
980;252;195;237;land;false;desert;1
981;209;149;166;land;false;plains;1
982;233;73;224;land;false;plains;1
983;251;35;236;land;false;plains;1
984;182;226;159;land;false;plains;1
985;230;135;146;land;false;desert;1
986;196;79;251;land;false;plains;1
987;234;162;250;land;false;plains;1
988;204;238;101;land;false;plains;1
989;209;254;100;land;false;plains;1
990;232;75;245;land;false;plains;1
991;160;198;244;land;false;plains;1
992;185;143;200;land;false;plains;1
993;170;148;199;land;false;plains;1
994;233;47;228;land;false;desert;1
995;96;230;202;land;false;plains;1
996;157;250;202;land;false;plains;1
997;198;128;238;land;false;plains;1
998;246;194;234;land;false;plains;1
999;212;235;173;land;false;desert;1
1000;195;206;206;land;false;plains;1
1001;67;244;218;land;false;plains;1
1002;219;214;205;land;false;desert;1
1003;245;253;247;land;false;plains;1
1004;232;237;150;land;false;forest;1
1005;249;213;77;land;false;plains;1
1006;249;238;153;land;false;plains;1
1007;243;71;188;land;false;plains;1
1008;234;136;232;land;false;plains;1
1009;216;66;235;land;false;desert;1
1010;163;205;236;land;false;plains;1
1011;248;183;199;land;false;plains;1
1012;149;146;214;land;false;forest;1
1013;250;207;248;land;true;plains;1
1014;194;142;231;land;false;plains;1
1015;219;131;153;land;false;plains;1
1016;73;204;234;land;false;desert;1
1017;143;237;215;land;false;desert;1
1018;185;114;209;land;true;plains;1
1019;191;143;187;land;false;plains;1
1020;233;225;214;land;false;plains;1
1021;120;185;212;land;false;plains;1
1022;245;130;201;land;false;plains;1
1023;211;254;249;land;true;plains;1
1024;151;205;195;land;true;plains;1
1025;146;209;160;land;false;plains;1
1026;177;173;246;land;false;plains;1
1027;247;157;240;land;false;plains;1
1028;254;251;7;land;false;mountain;1
1029;190;195;149;land;false;plains;1
1030;192;79;243;land;false;plains;1
1031;233;155;161;land;false;plains;1
1032;163;224;115;land;false;plains;1
1033;31;235;241;land;false;plains;1
1034;207;243;130;land;false;plains;1
1035;226;148;197;land;false;desert;1
1036;212;88;220;land;false;plains;1
1037;67;235;208;land;false;plains;1
1038;133;181;188;land;false;desert;1
1039;238;28;251;land;false;plains;1
1040;208;152;150;land;false;plains;1
1041;188;241;170;land;false;desert;1
1042;208;91;227;land;false;plains;1
1043;156;206;250;land;false;plains;1
1044;172;222;183;land;false;plains;1
1045;116;188;208;land;false;plains;1
1046;187;82;234;land;false;desert;1
1047;165;211;129;land;false;desert;1
1048;126;216;197;land;false;mountain;1
1049;186;223;109;land;false;plains;1
1050;202;139;238;land;false;plains;1
1051;191;134;234;land;false;plains;1
1052;166;119;216;land;false;plains;1
1053;202;161;155;land;false;plains;1
1054;177;195;229;land;false;desert;1
1055;75;214;242;land;false;plains;1
1056;234;195;188;land;false;plains;1
1057;223;148;160;land;false;plains;1
1058;197;170;194;land;false;forest;1
1059;84;223;220;land;false;mountain;1
1060;95;243;182;land;false;plains;1
1061;193;215;157;land;false;plains;1
1062;74;199;240;land;false;plains;1
1063;78;223;207;land;false;desert;1
1064;150;140;242;land;false;plains;1
1065;233;95;216;land;false;plains;1
1066;230;232;63;land;false;plains;1
1067;188;244;164;land;false;plains;1
1068;176;244;186;land;false;mountain;1
1069;89;237;202;land;false;plains;1
1070;152;194;206;land;false;plains;1
1071;114;240;161;land;false;plains;1
1072;254;132;234;land;false;plains;1
1073;175;234;246;land;true;mountain;1
1074;229;231;120;land;false;plains;1
1075;222;219;84;land;false;plains;1
1076;206;95;245;land;false;plains;1
1077;172;187;145;land;false;plains;1
1078;223;247;147;land;false;plains;1
1079;184;177;253;land;false;plains;1
1080;216;164;130;land;false;plains;1
1081;215;188;227;land;false;plains;1
1082;221;157;246;land;false;plains;1
1083;241;234;199;land;false;plains;1
1084;142;182;217;land;false;plains;1
1085;184;234;134;land;false;plains;1
1086;139;216;202;land;false;plains;1
1087;225;54;223;land;false;plains;1
1088;248;151;229;land;false;desert;1
1089;159;250;164;land;false;plains;1
1090;183;224;222;land;false;plains;1
1091;198;163;159;land;false;plains;1
1092;225;212;86;land;false;plains;1
1093;186;233;114;land;false;desert;1
1094;135;230;153;land;false;plains;1
1095;191;220;205;land;false;desert;1
1096;221;196;185;land;false;plains;1
1097;102;174;243;land;false;plains;1
1098;72;236;245;land;false;plains;1
1099;192;65;246;land;false;plains;1
1100;162;148;229;land;false;plains;1
1101;128;210;219;land;false;plains;1
1102;186;81;246;land;false;plains;1
1103;196;174;179;land;false;plains;1
1104;224;78;245;land;false;plains;1
1105;251;204;236;land;false;plains;1
1106;244;170;100;land;false;plains;1
1107;174;244;136;land;false;plains;1
1108;227;50;244;land;false;plains;1
1109;231;130;221;land;false;desert;1
1110;197;190;153;land;false;plains;1
1111;223;183;178;land;false;plains;1
1112;240;176;237;land;false;plains;1
1113;193;206;197;land;false;plains;1
1114;252;150;145;land;false;plains;1
1115;221;199;128;land;false;plains;1
1116;187;245;113;land;false;plains;1
1117;251;172;107;land;false;plains;1
1118;222;144;149;land;false;mountain;1
1119;246;48;237;land;true;hills;1
1120;245;250;105;land;false;desert;1
1121;221;254;71;land;false;desert;1
1122;140;169;197;land;false;desert;1
1123;87;254;230;land;false;plains;1
1124;134;188;236;land;false;plains;1
1125;203;215;84;land;false;plains;1
1126;127;168;251;land;false;plains;1
1127;239;133;147;land;false;plains;1
1128;154;183;177;land;false;plains;1
1129;186;246;222;land;false;plains;1
1130;189;121;192;land;false;plains;1
1131;245;232;169;land;false;desert;1
1132;227;140;163;land;false;plains;1
1133;222;181;118;land;false;plains;1
1134;253;178;232;land;false;plains;1
1135;197;234;235;land;false;plains;1
1136;172;208;133;land;false;desert;1
1137;245;222;124;land;false;plains;1
1138;196;201;144;land;false;plains;1
1139;225;251;81;land;false;plains;1
1140;222;214;85;land;false;plains;1
1141;183;157;222;land;false;plains;1
1142;126;227;254;land;false;plains;1
1143;214;179;150;land;false;plains;1
1144;191;223;145;land;false;plains;1
1145;152;202;231;land;false;plains;1
1146;188;142;229;land;false;plains;1
1147;224;119;216;land;false;plains;1
1148;244;232;93;land;false;plains;1
1149;220;234;172;land;false;desert;1
1150;143;167;214;land;false;plains;1
1151;188;119;209;land;false;plains;1
1152;226;123;180;land;false;desert;1
1153;209;159;245;land;false;desert;1
1154;181;164;172;land;false;plains;1
1155;160;172;233;land;false;desert;1
1156;94;209;244;land;false;plains;1
1157;247;191;247;land;false;forest;1
1158;226;86;245;land;false;forest;1
1159;103;187;244;land;false;desert;1
1160;153;202;230;land;false;forest;1
1161;203;111;208;land;false;desert;1
1162;58;250;195;land;false;mountain;1
1163;234;230;78;land;false;plains;1
1164;201;63;240;land;false;desert;1
1165;112;242;208;land;false;mountain;1
1166;240;150;167;land;false;plains;1
1167;195;230;252;land;false;desert;1
1168;239;152;243;land;false;plains;1
1169;174;240;153;land;false;plains;1
1170;220;157;243;land;false;plains;1
1171;220;71;246;land;false;plains;1
1172;173;198;229;land;false;desert;1
1173;252;221;166;land;false;plains;1
1174;234;229;167;land;false;plains;1
1175;217;225;73;land;false;plains;1
1176;214;228;74;land;false;plains;1
1177;248;193;223;land;false;plains;1
1178;214;192;172;land;false;desert;1
1179;100;244;158;land;false;plains;1
1180;125;243;232;land;false;plains;1
1181;200;173;174;land;false;plains;1
1182;239;144;122;land;false;desert;1
1183;220;214;143;land;false;plains;1
1184;141;254;131;land;false;plains;1
1185;197;174;221;land;false;plains;1
1186;242;134;148;land;false;plains;1
1187;242;223;228;land;false;plains;1
1188;172;225;184;land;false;plains;1
1189;85;187;233;land;false;desert;1
1190;238;156;143;land;false;plains;1
1191;73;227;225;land;false;plains;1
1192;224;192;229;land;false;plains;1
1193;254;179;166;land;false;plains;1
1194;244;223;150;land;false;plains;1
1195;153;240;175;land;false;plains;1
1196;178;220;208;land;false;plains;1
1197;224;169;224;land;false;plains;1
1198;229;192;90;land;false;plains;1
1199;138;207;225;land;false;plains;1
1200;81;192;252;land;false;plains;1
1201;193;175;160;land;false;plains;1
1202;200;98;224;land;false;plains;1
1203;115;250;237;land;false;plains;1
1204;182;171;191;land;false;plains;1
1205;247;18;254;land;false;plains;1
1206;178;205;169;land;false;desert;1
1207;231;247;227;land;false;plains;1
1208;217;180;169;land;false;plains;1
1209;167;203;185;land;false;plains;1
1210;216;173;220;land;false;plains;1
1211;211;204;216;land;false;plains;1
1212;224;228;220;land;false;plains;1
1213;216;198;238;land;false;plains;1
1214;193;194;148;land;true;plains;1
1215;242;100;247;land;false;plains;1
1216;149;213;168;land;false;plains;1
1217;200;125;243;land;false;plains;1
1218;240;198;218;land;false;plains;1
1219;195;239;92;land;true;plains;1
1220;218;99;198;land;false;plains;1
1221;78;234;209;land;false;plains;1
1222;211;232;192;land;false;desert;1
1223;75;254;210;land;false;plains;1
1224;206;100;250;land;false;plains;1
1225;88;246;194;land;false;plains;1
1226;235;129;226;land;true;plains;1
1227;232;48;250;land;false;plains;1
1228;233;226;178;land;false;plains;1
1229;203;249;79;land;false;plains;1
1230;234;175;118;land;false;plains;1
1231;173;211;206;land;false;plains;1
1232;209;253;110;land;true;plains;1
1233;138;184;253;land;false;plains;1
1234;139;169;201;land;false;plains;1
1235;68;241;244;land;false;plains;1
1236;137;183;184;land;false;plains;1
1237;181;109;223;land;true;plains;1
1238;118;220;236;land;false;plains;1
1239;252;221;190;land;true;plains;1
1240;113;253;190;land;false;plains;1
1241;140;236;146;land;false;desert;1
1242;241;205;132;land;false;plains;1
1243;239;165;175;land;true;plains;1
1244;225;252;46;land;false;desert;1
1245;198;146;179;land;false;desert;1
1246;187;191;131;land;false;mountain;1
1247;173;209;134;land;false;desert;1
1248;175;231;142;land;false;mountain;1
1249;42;254;223;land;false;desert;1
1250;236;247;46;land;false;desert;1
1251;127;253;144;land;false;desert;1
1252;195;212;135;land;false;plains;1
1253;111;203;216;land;false;plains;1
1254;131;207;192;land;false;plains;1
1255;191;153;232;land;true;plains;1
1256;80;184;250;land;false;desert;1
1257;238;221;126;land;false;plains;1
1258;238;209;147;land;false;plains;1
1259;166;225;123;land;true;plains;1
1260;138;231;226;land;false;desert;1
1261;101;190;237;land;false;plains;1
1262;227;193;146;land;false;plains;1
1263;24;5;18;sea;false;ocean;0
1264;23;19;1;sea;false;ocean;0
1265;31;4;2;sea;false;ocean;0
1266;28;0;8;sea;false;ocean;0
1267;10;67;16;sea;true;ocean;0
1268;51;1;38;sea;false;ocean;0
1269;14;0;55;sea;false;ocean;0
1270;52;46;0;sea;false;ocean;0
1271;3;59;18;sea;false;ocean;0
1272;53;21;8;sea;false;ocean;0
1273;12;9;45;sea;false;ocean;0
1274;12;60;23;sea;false;ocean;0
1275;13;23;56;sea;false;ocean;0
1276;27;15;22;sea;true;ocean;0
1277;9;43;43;sea;true;ocean;0
1278;24;45;20;sea;false;ocean;0
1279;14;62;21;sea;false;ocean;0
1280;31;7;54;sea;false;ocean;0
1281;34;58;0;sea;false;ocean;0
1282;35;2;51;sea;false;ocean;0
1283;4;23;16;sea;false;ocean;0
1284;7;5;65;sea;false;ocean;0
1285;1;11;6;sea;false;ocean;0
1286;18;11;46;sea;true;ocean;0
1287;12;44;24;sea;false;ocean;0
1288;6;44;38;sea;false;ocean;0
1289;23;33;16;sea;false;ocean;0
1290;21;36;8;sea;false;ocean;0
1291;65;6;21;sea;false;ocean;0
1292;29;10;15;sea;false;ocean;0
1293;6;32;20;sea;false;ocean;0
1294;5;42;24;sea;false;ocean;0
1295;11;69;2;sea;false;ocean;0
1296;9;56;17;sea;true;ocean;0
1297;32;10;13;sea;false;ocean;0
1298;16;74;9;sea;false;ocean;0
1299;38;16;36;sea;false;ocean;0
1300;2;16;66;sea;false;ocean;0
1301;5;47;0;sea;false;ocean;0
1302;36;5;17;sea;false;ocean;0
1303;9;15;33;sea;true;ocean;0
1304;45;12;15;sea;false;ocean;0
1305;19;21;45;sea;false;ocean;0
1306;13;45;5;sea;false;ocean;0
1307;0;1;15;sea;false;ocean;0
1308;35;28;21;sea;false;ocean;0
1309;20;19;11;sea;false;ocean;0
1310;14;81;4;sea;false;ocean;0
1311;10;65;14;sea;false;ocean;0
1312;67;21;2;sea;false;ocean;0
1313;1;2;44;sea;false;ocean;0
1314;53;11;6;sea;false;ocean;0
1315;16;28;4;sea;false;ocean;0
1316;8;38;34;sea;false;ocean;0
1317;71;0;20;sea;false;ocean;0
1318;25;0;57;sea;false;ocean;0
1319;11;2;47;sea;false;ocean;0
1320;3;80;5;sea;false;ocean;0
1321;28;43;11;sea;false;ocean;0
1322;76;1;9;sea;false;ocean;0
1323;2;18;25;sea;false;ocean;0
1324;11;71;12;sea;false;ocean;0
1325;1;25;41;sea;false;ocean;0
1326;19;49;7;sea;true;ocean;0
1327;22;46;30;sea;false;ocean;0
1328;60;17;15;sea;false;ocean;0
1329;21;27;48;sea;false;ocean;0
1330;21;2;39;sea;false;ocean;0
1331;0;3;24;sea;false;ocean;0
1332;6;57;0;sea;false;ocean;0
1333;11;20;14;sea;false;ocean;0
1334;61;4;16;sea;true;ocean;0
1335;23;37;27;sea;false;ocean;0
1336;89;5;4;sea;false;ocean;0
1337;27;40;11;sea;false;ocean;0
1338;43;8;40;sea;false;ocean;0
1339;5;32;45;sea;true;ocean;0
1340;42;34;19;sea;false;ocean;0
1341;9;43;42;sea;false;ocean;0
1342;2;54;30;sea;false;ocean;0
1343;49;20;20;sea;false;ocean;0
1344;26;10;14;sea;false;ocean;0
1345;0;59;12;sea;false;ocean;0
1346;67;9;18;sea;false;ocean;0
1347;32;38;12;sea;false;ocean;0
1348;24;28;4;sea;false;ocean;0
1349;19;68;4;sea;true;ocean;0
1350;25;17;25;sea;true;ocean;0
1351;17;60;13;sea;false;ocean;0
1352;28;26;4;sea;false;ocean;0
1353;4;56;22;sea;false;ocean;0
1354;11;42;10;sea;false;ocean;0
1355;12;48;11;sea;false;ocean;0
1356;19;32;9;sea;false;ocean;0
1357;52;20;10;sea;false;ocean;0
1358;0;26;50;sea;false;ocean;0
1359;45;7;47;sea;true;ocean;0
1360;10;15;68;sea;false;ocean;0
1361;36;12;37;sea;false;ocean;0
1362;24;18;3;sea;false;ocean;0
1363;3;43;19;sea;false;ocean;0
1364;35;12;26;sea;false;ocean;0
1365;47;32;13;sea;false;ocean;0
1366;23;19;4;sea;false;ocean;0
1367;13;1;72;sea;false;ocean;0
1368;27;61;0;sea;false;ocean;0
1369;66;15;15;sea;false;ocean;0
1370;17;40;32;sea;true;ocean;0
1371;19;46;2;sea;false;ocean;0
1372;7;17;8;sea;false;ocean;0
1373;3;38;38;sea;true;ocean;0
1374;32;1;48;sea;false;ocean;0
1375;47;7;28;sea;true;ocean;0
1376;43;10;29;sea;false;ocean;0
1377;34;21;35;sea;false;ocean;0
1378;27;48;10;sea;false;ocean;0
1379;0;29;1;sea;false;ocean;0
1380;19;13;27;sea;false;ocean;0
1381;54;7;28;sea;false;ocean;0
1382;22;28;4;sea;true;ocean;0
1383;22;24;21;sea;false;ocean;0
1384;5;4;14;sea;false;ocean;0
1385;12;52;22;sea;true;ocean;0
1386;23;35;23;sea;false;ocean;0
1387;46;11;34;sea;false;ocean;0
1388;3;25;24;sea;false;ocean;0
1389;5;23;20;sea;false;ocean;0
1390;39;7;48;sea;false;ocean;0
1391;14;46;22;sea;false;ocean;0
1392;9;66;23;sea;false;ocean;0
1393;7;7;11;sea;false;ocean;0
1394;59;26;4;sea;true;ocean;0
1395;55;16;24;sea;false;ocean;0
1396;21;31;15;sea;false;ocean;0
1397;39;18;6;sea;false;ocean;0
1398;40;40;18;sea;false;ocean;0
1399;10;82;1;sea;false;ocean;0
1400;6;29;0;sea;false;ocean;0
1401;47;3;22;sea;false;ocean;0
1402;30;34;5;sea;false;ocean;0
1403;0;2;26;sea;false;ocean;0
1404;5;46;47;sea;false;ocean;0
1405;41;24;5;sea;true;ocean;0
1406;49;28;21;sea;false;ocean;0
1407;37;13;37;sea;true;ocean;0
1408;77;1;0;sea;false;ocean;0
1409;16;18;3;sea;false;ocean;0
1410;4;70;22;sea;false;ocean;0
1411;5;18;67;sea;false;ocean;0
1412;0;27;66;sea;false;ocean;0
1413;0;22;61;sea;false;ocean;0
1414;46;18;28;sea;false;ocean;0
1415;43;10;10;sea;false;ocean;0
1416;52;10;6;sea;false;ocean;0
1417;15;1;8;sea;false;ocean;0
1418;13;42;8;sea;false;ocean;0
1419;49;17;11;sea;false;ocean;0
1420;28;24;17;sea;false;ocean;0
1421;6;24;18;sea;false;ocean;0
1422;9;31;32;sea;false;ocean;0
1423;59;28;3;sea;false;ocean;0
1424;4;53;20;sea;false;ocean;0
1425;16;27;50;sea;false;ocean;0
1426;15;37;44;sea;false;ocean;0
1427;19;59;0;sea;false;ocean;0
1428;50;2;30;sea;false;ocean;0
1429;3;7;48;sea;true;ocean;0
1430;15;25;54;sea;false;ocean;0
1431;15;47;23;sea;false;ocean;0
1432;48;14;26;sea;false;ocean;0
1433;1;8;19;sea;false;ocean;0
1434;15;73;6;sea;false;ocean;0
1435;23;37;24;sea;false;ocean;0
1436;18;52;3;sea;false;ocean;0
1437;9;25;7;sea;false;ocean;0
1438;1;49;47;sea;true;ocean;0
1439;43;16;25;sea;false;ocean;0
1440;17;21;12;sea;false;ocean;0
1441;17;3;11;sea;false;ocean;0
1442;41;19;26;sea;false;ocean;0
1443;16;48;10;sea;false;ocean;0
1444;0;40;35;sea;false;ocean;0
1445;67;21;6;sea;true;ocean;0
1446;6;28;64;sea;true;ocean;0
1447;66;15;6;sea;false;ocean;0
1448;0;60;1;sea;false;ocean;0
1449;16;34;22;sea;false;ocean;0
1450;5;4;32;sea;false;ocean;0
1451;0;17;13;sea;false;ocean;0
1452;64;1;5;sea;true;ocean;0
1453;38;4;24;sea;false;ocean;0
1454;40;18;35;sea;false;ocean;0
1455;17;15;62;sea;false;ocean;0
1456;0;70;17;sea;false;ocean;0
1457;35;2;34;sea;false;ocean;0
1458;18;0;46;sea;false;ocean;0
1459;4;13;62;sea;false;ocean;0
1460;44;18;9;sea;false;ocean;0
1461;24;47;17;sea;false;ocean;0
1462;14;5;15;sea;false;ocean;0
1463;0;2;88;sea;false;ocean;0
1464;15;10;28;sea;false;ocean;0
1465;17;27;54;sea;false;ocean;0
1466;27;7;35;sea;false;ocean;0
1467;34;7;29;sea;false;ocean;0
1468;23;12;51;sea;false;ocean;0
1469;1;35;16;sea;false;ocean;0
1470;10;39;12;sea;false;ocean;0
1471;10;43;39;sea;false;ocean;0
1472;0;60;17;sea;false;ocean;0
1473;0;30;17;sea;false;ocean;0
1474;48;17;24;sea;true;ocean;0
1475;4;17;78;sea;false;ocean;0
1476;59;32;2;sea;false;ocean;0
1477;31;15;1;sea;false;ocean;0
1478;35;14;17;sea;false;ocean;0
1479;59;1;3;sea;true;ocean;0
1480;2;30;55;sea;true;ocean;0
1481;17;12;21;sea;false;ocean;0
1482;57;34;0;sea;true;ocean;0
1483;1;1;6;sea;true;ocean;0
1484;33;0;21;sea;true;ocean;0
1485;18;58;13;sea;false;ocean;0
1486;44;5;31;sea;false;ocean;0
1487;27;15;41;sea;false;ocean;0
1488;22;2;56;sea;false;ocean;0
1489;9;38;33;sea;false;ocean;0
1490;1;60;24;sea;false;ocean;0
1491;1;41;27;sea;false;ocean;0
1492;48;28;12;sea;false;ocean;0
1493;32;5;35;sea;true;ocean;0
1494;18;16;23;sea;false;ocean;0
1495;8;5;59;sea;false;ocean;0
1496;18;34;45;sea;false;ocean;0
1497;48;6;41;sea;false;ocean;0
1498;46;15;35;sea;false;ocean;0
1499;77;14;2;sea;false;ocean;0
1500;45;51;2;sea;false;ocean;0
1501;27;19;37;sea;false;ocean;0
1502;32;45;14;sea;false;ocean;0
1503;22;13;7;sea;false;ocean;0
1504;50;8;10;sea;false;ocean;0
1505;28;49;20;sea;false;ocean;0
1506;6;30;7;sea;true;ocean;0
1507;5;88;2;sea;false;ocean;0
1508;1;10;18;sea;false;ocean;0
1509;32;19;31;sea;false;ocean;0
1510;18;19;24;sea;false;ocean;0
1511;14;36;6;sea;false;ocean;0
1512;31;32;20;sea;false;ocean;0
1513;24;23;34;sea;false;ocean;0
1514;35;13;19;sea;false;ocean;0
1515;2;25;34;sea;false;ocean;0
1516;59;4;29;sea;false;ocean;0
1517;52;23;13;sea;false;ocean;0
1518;45;32;2;sea;false;ocean;0
1519;27;3;25;sea;true;ocean;0
1520;14;15;42;sea;false;ocean;0
1521;11;6;6;sea;false;ocean;0
1522;8;2;45;sea;false;ocean;0
1523;9;2;11;sea;false;ocean;0
1524;38;33;22;sea;false;ocean;0
1525;33;18;40;sea;false;ocean;0
1526;7;57;34;sea;false;ocean;0
1527;40;48;8;sea;false;ocean;0
1528;30;36;29;sea;false;ocean;0
1529;16;6;60;sea;false;ocean;0
1530;58;17;16;sea;false;ocean;0
1531;31;47;20;sea;false;ocean;0
1532;0;20;25;sea;true;ocean;0
1533;26;19;39;sea;false;ocean;0
1534;37;15;40;sea;false;ocean;0
1535;8;10;45;sea;false;ocean;0
1536;5;34;9;sea;false;ocean;0
1537;16;16;4;sea;false;ocean;0
1538;40;24;26;sea;false;ocean;0
1539;5;19;28;sea;true;ocean;0
1540;7;71;6;sea;false;ocean;0
1541;13;2;59;sea;false;ocean;0
1542;24;1;63;sea;false;ocean;0
1543;5;70;16;sea;false;ocean;0
1544;34;20;2;sea;false;ocean;0
1545;23;1;0;sea;false;ocean;0
1546;20;25;39;sea;false;ocean;0
1547;20;75;0;sea;false;ocean;0
1548;58;9;30;sea;false;ocean;0
1549;50;15;22;sea;false;ocean;0
1550;18;2;16;sea;false;ocean;0
1551;32;7;2;sea;false;ocean;0
1552;15;10;58;sea;false;ocean;0
1553;12;3;74;sea;false;ocean;0
1554;35;16;37;sea;true;ocean;0
1555;40;9;4;sea;false;ocean;0
1556;12;33;0;sea;false;ocean;0
1557;47;26;4;sea;false;ocean;0
1558;0;22;66;sea;true;ocean;0
1559;21;38;25;sea;false;ocean;0
1560;28;8;21;sea;false;ocean;0
1561;74;7;7;sea;false;ocean;0
1562;1;32;11;sea;false;ocean;0
1563;23;2;40;sea;false;ocean;0
1564;86;5;2;sea;false;ocean;0
1565;24;4;8;sea;false;ocean;0
1566;15;37;46;sea;false;ocean;0
1567;51;5;21;sea;false;ocean;0
1568;21;36;17;sea;false;ocean;0
1569;18;28;32;sea;false;ocean;0
1570;35;26;29;sea;false;ocean;0
1571;25;15;31;sea;false;ocean;0
1572;44;7;18;sea;false;ocean;0
1573;2;23;42;sea;false;ocean;0
1574;50;14;32;sea;false;ocean;0
1575;0;52;20;sea;false;ocean;0
1576;84;1;10;sea;false;ocean;0
1577;72;0;2;sea;false;ocean;0
1578;26;33;10;sea;false;ocean;0
1579;2;16;76;sea;false;ocean;0
1580;31;42;10;sea;false;ocean;0
1581;31;15;33;sea;true;ocean;0
1582;29;57;5;sea;false;ocean;0
1583;47;1;37;sea;true;ocean;0
1584;8;48;36;sea;false;ocean;0
1585;25;12;40;sea;false;ocean;0
1586;7;15;34;sea;false;ocean;0
1587;33;29;5;sea;false;ocean;0
1588;13;9;23;sea;false;ocean;0
1589;17;20;35;sea;false;ocean;0
1590;1;47;31;sea;false;ocean;0
1591;0;28;33;sea;false;ocean;0
1592;17;6;27;sea;false;ocean;0
1593;41;17;13;sea;false;ocean;0
1594;29;44;10;sea;false;ocean;0
1595;18;24;45;sea;false;ocean;0
1596;3;64;31;sea;true;ocean;0
1597;67;15;10;sea;true;ocean;0
1598;10;50;28;sea;false;ocean;0
1599;37;6;19;sea;false;ocean;0
1600;61;34;0;sea;false;ocean;0
1601;16;9;0;sea;false;ocean;0
1602;29;15;53;sea;false;ocean;0
1603;17;21;58;sea;false;ocean;0
1604;24;23;31;sea;false;ocean;0
1605;11;30;43;sea;true;ocean;0
1606;59;12;24;sea;false;ocean;0
1607;78;10;11;sea;false;ocean;0
1608;20;44;10;sea;false;ocean;0
1609;52;20;14;sea;true;ocean;0
1610;1;22;54;sea;false;ocean;0
1611;33;20;16;sea;false;ocean;0
1612;15;9;19;sea;true;ocean;0
1613;17;21;51;sea;false;ocean;0
1614;11;5;70;sea;false;ocean;0
1615;18;1;63;sea;false;ocean;0
1616;5;7;72;sea;false;ocean;0
1617;60;32;7;sea;false;ocean;0
1618;42;21;15;sea;false;ocean;0
1619;29;5;39;sea;true;ocean;0
1620;22;41;25;sea;false;ocean;0
1621;9;36;29;sea;false;ocean;0
1622;8;25;46;sea;false;ocean;0
1623;14;41;22;sea;false;ocean;0
1624;4;2;20;sea;false;ocean;0
1625;50;18;27;sea;false;ocean;0
1626;24;35;10;sea;false;ocean;0
1627;38;19;10;sea;false;ocean;0
1628;7;26;57;sea;false;ocean;0
1629;27;29;26;sea;false;ocean;0
1630;3;18;30;sea;false;ocean;0
1631;7;27;54;sea;false;ocean;0
1632;7;24;64;sea;false;ocean;0
1633;23;12;15;sea;false;ocean;0
1634;2;12;58;sea;false;ocean;0
1635;3;51;20;sea;false;ocean;0
1636;12;5;4;sea;false;ocean;0
1637;6;41;12;sea;true;ocean;0
1638;1;18;25;sea;false;ocean;0
1639;20;28;37;sea;false;ocean;0
1640;16;47;8;sea;false;ocean;0
1641;55;1;14;sea;false;ocean;0
1642;25;41;12;sea;false;ocean;0
1643;15;34;29;sea;false;ocean;0
1644;32;17;15;sea;false;ocean;0
1645;52;8;30;sea;false;ocean;0
1646;21;48;15;sea;false;ocean;0
1647;14;33;41;sea;false;ocean;0
1648;15;21;43;sea;false;ocean;0
1649;5;66;26;sea;false;ocean;0
1650;45;36;6;sea;true;ocean;0
1651;0;13;38;sea;false;ocean;0
1652;13;69;15;sea;false;ocean;0
1653;6;15;43;sea;false;ocean;0
1654;44;41;1;sea;false;ocean;0
1655;12;14;48;sea;false;ocean;0
1656;31;39;28;sea;false;ocean;0
1657;57;6;3;sea;true;ocean;0
1658;25;5;66;sea;false;ocean;0
1659;52;9;9;sea;false;ocean;0
1660;52;24;12;sea;false;ocean;0
1661;58;23;6;sea;false;ocean;0
1662;6;49;4;sea;false;ocean;0
1663;12;42;23;sea;false;ocean;0
1664;31;12;8;sea;false;ocean;0
1665;42;3;18;sea;false;ocean;0
1666;14;1;83;sea;false;ocean;0
1667;23;25;25;sea;false;ocean;0
1668;4;47;25;sea;true;ocean;0
1669;0;17;43;sea;false;ocean;0
1670;64;9;5;sea;false;ocean;0
1671;25;17;26;sea;false;ocean;0
1672;13;0;74;sea;false;ocean;0
1673;2;16;59;sea;false;ocean;0
1674;13;31;34;sea;true;ocean;0
1675;38;14;17;sea;false;ocean;0
1676;10;34;14;sea;false;ocean;0
1677;25;49;11;sea;false;ocean;0
1678;29;7;38;sea;false;ocean;0
1679;0;16;83;sea;false;ocean;0
1680;5;2;83;sea;true;ocean;0
1681;38;28;17;sea;true;ocean;0
1682;30;34;19;sea;true;ocean;0
1683;5;10;15;sea;true;ocean;0
1684;14;13;41;sea;false;ocean;0
1685;9;28;1;sea;false;ocean;0
1686;8;8;59;sea;false;ocean;0
1687;36;26;20;sea;false;ocean;0
1688;18;19;36;sea;false;ocean;0
1689;4;1;72;sea;false;ocean;0
1690;20;24;55;sea;true;ocean;0
1691;51;26;2;sea;false;ocean;0
1692;9;52;36;sea;false;ocean;0
1693;0;75;16;sea;false;ocean;0
1694;2;0;6;sea;false;ocean;0
1695;1;57;10;sea;true;ocean;0
1696;30;13;40;sea;false;ocean;0
1697;17;7;3;sea;true;ocean;0
1698;50;2;34;sea;false;ocean;0
1699;0;16;65;sea;true;ocean;0
1700;16;38;39;sea;false;ocean;0
1701;3;66;23;sea;false;ocean;0
1702;17;13;16;sea;true;ocean;0
1703;23;18;0;sea;false;ocean;0
1704;15;8;3;sea;false;ocean;0
1705;62;22;7;sea;false;ocean;0
1706;41;35;18;sea;false;ocean;0
1707;0;9;23;sea;true;ocean;0
1708;47;3;4;sea;false;ocean;0
1709;65;3;13;sea;false;ocean;0
1710;3;59;31;sea;false;ocean;0
1711;1;51;43;sea;false;ocean;0
1712;12;38;35;sea;false;ocean;0
1713;22;60;8;sea;false;ocean;0
1714;13;3;17;sea;false;ocean;0
1715;31;10;47;sea;true;ocean;0
1716;0;13;27;sea;false;ocean;0
1717;4;15;23;sea;false;ocean;0
1718;14;52;2;sea;false;ocean;0
1719;14;36;26;sea;true;ocean;0
1720;8;35;32;sea;false;ocean;0
1721;16;61;8;sea;true;ocean;0
1722;45;1;36;sea;false;ocean;0
1723;16;20;46;sea;true;ocean;0
1724;0;3;1;sea;false;ocean;0
1725;23;35;32;sea;false;ocean;0
1726;46;27;7;sea;false;ocean;0
1727;29;8;27;sea;false;ocean;0
1728;24;31;24;sea;false;ocean;0
1729;22;10;21;sea;false;ocean;0
1730;29;2;2;sea;false;ocean;0
1731;6;12;6;sea;false;ocean;0
1732;4;38;45;sea;false;ocean;0
1733;0;49;3;sea;false;ocean;0
1734;36;25;10;sea;true;ocean;0
1735;22;11;2;sea;false;ocean;0
1736;13;45;63;lake;false;lakes;0
1737;80;24;19;lake;false;lakes;0
1738;15;0;122;lake;false;lakes;0
1739;6;83;16;lake;false;lakes;0
1740;0;114;17;lake;false;lakes;0
1741;6;91;14;lake;false;lakes;0
1742;58;73;13;lake;false;lakes;0
1743;48;39;41;lake;false;lakes;0
1744;15;32;84;lake;false;lakes;0
1745;57;45;19;lake;false;lakes;0
1746;21;44;51;lake;false;lakes;0
1747;28;8;97;lake;false;lakes;0
1748;63;36;37;lake;false;lakes;0
1749;17;79;48;lake;false;lakes;0
1750;10;16;102;lake;false;lakes;0
1751;21;19;80;lake;false;lakes;0
1752;69;39;1;lake;false;lakes;0
1753;14;106;21;lake;false;lakes;0
1754;29;28;64;lake;false;lakes;0
1755;48;4;72;lake;false;lakes;0
1756;16;70;57;lake;false;lakes;0
1757;34;86;22;lake;false;lakes;0
1758;28;32;77;lake;false;lakes;0
1759;35;41;40;lake;false;lakes;0
1760;9;118;9;lake;false;lakes;0
1761;18;28;74;lake;false;lakes;0
1762;3;109;31;lake;false;lakes;0
1763;23;0;107;lake;false;lakes;0
1764;72;1;43;lake;false;lakes;0
1765;1;39;90;lake;false;lakes;0
1766;43;63;24;lake;false;lakes;0
1767;26;28;68;lake;false;lakes;0
1768;59;2;63;lake;false;lakes;0
1769;39;33;68;lake;false;lakes;0
1770;72;11;39;lake;false;lakes;0
1771;93;31;11;lake;false;lakes;0
1772;58;32;36;lake;false;lakes;0
1773;4;101;4;lake;false;lakes;0
1774;8;57;40;lake;false;lakes;0
1775;44;68;36;lake;false;lakes;0
1776;28;46;31;lake;false;lakes;0
